﻿full_text;;;;
@apipgavi_ Kata gua teh goreng aja muka lu pip;;;;
@Kuasaaliens @mkini_bm Btul kat indon tu juga teruk presiden pro israel terpilih pulak;;;;
@sitsnoe Cari nabi aja ;;;;
@catuaries Anak sekarang lebih percaya tiktodd;;;;
@ruanguntukdinda Sulit kat indon banyak pendukungnya;;;;
@emerson_yuntho Undang kaesang juga kah? ;;;;
@Just_dhee1203 @xquitavee Di youtub nya sengaja ditake down anjeng emang kaesang wakakakak ;;;;
@sand_doIIar Aneh bener jirrr tuhan kok dipaku ;;;;
@Kanseulir Ibu mic indonesia;;;;
@Maruahalsiahaa2 Mau diusir kemana bang baca sejarah kakeknya bang dia adalah cucu pejuang lah kakek loe jangan2 ikut grup genjer2...;;;;
@BoikotErspo Betul semangat singkirkan nepotisme apalagi ini berkaitan dengan olahraga paling populer;;;;
@Ipaahu Dia yang ke china mengapa sy yang dag dig dug apalagi yang mau mereka jual dr bangsa dan negara ini ya....;;;;
@tjitrosoenarjo1 Enaknya jadi kader partai bisa ketemu pejabat2 gak enaknya jadi kader partai bikin mati akal sehat.;;;;
@HisyamMochtar Setiap masa ada partainya setiap partai ada masanya. Waktunya sudah lewat ;;;;
@skorpioen Mancung;;;;
@keepitseigi Sy mau bilang kasihan... Rumah sy masih ngontrak....;;;;
@Istricantikmuu Aroma hari kemenangan;;;;
@andihiyat Telur puyuh;;;;
@tanyarlfes Inimah dimangga dua juga banyak anyenk;;;;
@HabisNontonFilm Penjajahan jepang harusnya ditayangkan lebih banyak juga bagaimana tanggapan warga jepang begini kata mereka :;;;;
@idn_abroad Skuad lawak khas liga ketoprak;;;;
moisturizer originote ini bagus banget ya kulit jadi beneran moist .;;;;
@gsp1209 @Glazerscunt @idn_abroad Kambuaya-klok calon2 dicoret kayaknya setiap bola dapet di mereka berdua permainan hilang arah;;;;
Wkwkwkwkw beberapa jam lagi masuk kerja tapi ga usa pura pura fokus deh menyambut liburan inih;;;;
@putu_ayu19 Pertama kali tw klo ada org bali yg suka lg minang;;;;
@Pai_C1 Kenapa tempatnya kayak kaga asing dah @satyanugrahr;;;;
Pengen ikut itikaf tapi besok ajjhh;;;;
Tadi pas teraweh ngajak keponakan masuk masjid seneng bangat umurnya baru 3 tahun pas gw solat dia ngikutin lucu bangat tapi pas bocah2 laen becanda dia juga ikut2an becanda sambil lari2an. Anjirlah langsung kapok gw ngejagainnya;;;;
@tanyakanrl Halu semua lo ;;;;
@fantasista_id Jadi sebenernya yg lagi viral erspo erigo atau rispo?;;;;
@enjiinyourarea Syuram;;;;
@misspharsa bacot banget lu manusia silper;;;;
@aan__ Mampir sini di reply banyak percakapannya;;;;
@putu_ayu19 Karang bawahnya;;;;
@Riweh_Banget @UpdateBolabola Edo coret Liga ketoprak;;;;
@wrkurniawan_ Kalo d bandung aku ajak ke trunojoyo deh ;;;;
Belum buka di imperial kitchen sama tizi ;;;;
@ashrafnaut Tapi dek naon lebaran d jakarta sorangan dont you dare sedih loh.. dulu aku pernah jaga malem pas malem lebaran solat d parkiran rumah sakit baru mudik rasanya aja uda meriang mending pulang ceuk aing;;;;
@akbarfaizal68 @OjiNoel Org² goblok seperti dia yg dimanfaatkan oleh penguasa saat ini. Negara kita belum cerdas;;;;
@ashrafnaut Ibadah kemana;;;;
Kok blom dapet hampers dari kntor sih;;;;
@ubinmasjidjami jokiin puny aq pls;;;;
Takut ?!!!!! ...wkwkwkwkwk. Takut nih yee !!! .. wkwkwkek..;;;;
Sabar bos ! Masih ada proses MK nih.;;;;
@wikurizky Kirain kangen dipuck;;;;
@KKSKbyDygta Cipuk. Aci kerupuck;;;;
Orang medan ketemu orang medan di jawa: Adu merepet.;;;;
@ashrafnaut Mewah bange;;;;
Biasanya saat di musim pilpres para maling itu mendekat ke capres potensial menang sih.;;;;
Pendukung yg belum korupsi berharap kalau nanti korupsi minta dianggap normal dan biasa2 saja. Berbahaya sekali negara ini !!;;;;
Memalukan mahluk begini sih jadi anggota PDIP !!;;;;
@ubinmasjidjami rajin sekali y;;;;
@bengkeldodo mudah2an Indonesia baik2 aja ya bang ngeri kalo kita udah nganggep nepotisme itu prestasi..;;;;
Inilah Hedoncorruptism istilah orang yang hidup full mewah dari uang hasil korupsi !;;;;
@nriskiis Akunnya kok gada ya skrng?;;;;
